{"cameraMode":{"drawMode":0,"name":"Shaded","section":"Shading Mode"},"sceneLighting":false,"audioPlay":false,"sceneViewState":{"m_AlwaysRefresh":false,"showFog":false,"showSkybox":false,"showFlares":false,"showImageEffects":false,"showParticleSystems":false,"showVisualEffectGraphs":true,"m_FxEnabled":true},"in2DMode":false,"pivot":{"x":-0.18529462814331056,"y":0.40625858306884768,"z":3.1603403091430666},"rotation":{"x":0.2055920660495758,"y":-0.1977747678756714,"z":0.04247679561376572,"w":0.9575375914573669},"size":6.954202651977539,"orthographic":false}